Revenue,Churn,cost_Data,cost_Call,avg_revenue,expenses
65766.21152000003,33.0,0.1,1.7000000000000002,68.01056000000003,9670.0
64736.27264000001,68.0,0.9,1.7000000000000002,69.45952000000001,9320.0
64542.20256000001,61.0,0.5,1.7000000000000002,68.73504000000001,9390.0
